,Name,Error
21117007,Does Not Exist,Message: Cannot
21117004,Does Not Exist,Message: Cannot
21117001,Does Not Exist,Message: Cannot
21117006,Does Not Exist,Message: Cannot
21117003,Does Not Exist,Message: Cannot
21117009,Does Not Exist,Message: Cannot
21117011,Does Not Exist,Message: Cannot
21117005,Does Not Exist,Message: Cannot
21117010,Does Not Exist,Message: Cannot
21117002,Does Not Exist,Message: Cannot
21117012,Does Not Exist,Message: Cannot
21117008,Does Not Exist,Message: Cannot
21117013,Does Not Exist,Message: Cannot
21117014,Does Not Exist,Message: Cannot
21117016,Does Not Exist,Message: Cannot
21117015,Does Not Exist,Message: Cannot
21117023,Does Not Exist,Message: Cannot
21117022,Does Not Exist,Message: Cannot
21117020,Does Not Exist,Message: Cannot
21117018,Does Not Exist,Message: Cannot
21117021,Does Not Exist,Message: Cannot
21117017,Does Not Exist,Message: Cannot
21117019,Does Not Exist,Message: Cannot
21117024,Does Not Exist,Message: Cannot
21117025,Does Not Exist,Message: Cannot
21117027,Does Not Exist,Message: Cannot
21117026,Does Not Exist,Message: Cannot
21117030,Does Not Exist,Message: Cannot
21117032,Does Not Exist,Message: Cannot
21117029,Does Not Exist,Message: Cannot
21117028,Does Not Exist,Message: Cannot
21117031,Does Not Exist,Message: Cannot
21117036,Does Not Exist,Message: Cannot
21117033,Does Not Exist,Message: Cannot
21117035,Does Not Exist,Message: Cannot
21117034,Does Not Exist,Message: Cannot
21117037,Does Not Exist,Message: Cannot
21117038,Does Not Exist,Message: Cannot
21117040,Does Not Exist,Message: Cannot
21117039,Does Not Exist,Message: Cannot
21117043,Does Not Exist,Message: Cannot
21117044,Does Not Exist,Message: Cannot
21117045,Does Not Exist,Message: Cannot
21117042,Does Not Exist,Message: Cannot
21117041,Does Not Exist,Message: Cannot
21117046,Does Not Exist,Message: Cannot
21117047,Does Not Exist,Message: Cannot
21117048,Does Not Exist,Message: Cannot
21117049,Does Not Exist,Message: Cannot
21117051,Does Not Exist,Message: Cannot
21117050,Does Not Exist,Message: Cannot
21117052,Does Not Exist,Message: Cannot
21117053,Does Not Exist,Message: Cannot
21117055,Does Not Exist,Message: Cannot
21117056,Does Not Exist,Message: Cannot
21117057,Does Not Exist,Message: Cannot
21117058,Does Not Exist,Message: Cannot
21117059,Does Not Exist,Message: Cannot
21117054,Does Not Exist,Message: Cannot
21117060,Does Not Exist,Message: Cannot
21117061,Does Not Exist,Message: Cannot
21117062,Does Not Exist,Message: Cannot
21117063,Does Not Exist,Message: Cannot
21117064,Does Not Exist,Message: Cannot
21117066,Does Not Exist,Message: Cannot
21117065,Does Not Exist,Message: Cannot
21117067,Does Not Exist,Message: Cannot
21117070,Does Not Exist,Message: Cannot
21117068,Does Not Exist,Message: Cannot
21117072,Does Not Exist,Message: Cannot
21117071,Does Not Exist,Message: Cannot
21117069,Does Not Exist,Message: Cannot
21117073,Does Not Exist,Message: Cannot
21117074,Does Not Exist,Message: Cannot
21117075,Does Not Exist,Message: Cannot
21117076,Does Not Exist,Message: Cannot
21117077,Does Not Exist,Message: Cannot
21117078,Does Not Exist,Message: Cannot
21117079,Does Not Exist,Message: Cannot
21117084,Does Not Exist,Message: Cannot
21117081,Does Not Exist,Message: Cannot
21117083,Does Not Exist,Message: Cannot
21117082,Does Not Exist,Message: Cannot
21117080,Does Not Exist,Message: Cannot
21117085,Does Not Exist,Message: Cannot
21117086,Does Not Exist,Message: Cannot
21117088,Does Not Exist,Message: Cannot
21117087,Does Not Exist,Message: Cannot
21117089,Does Not Exist,Message: Cannot
21117090,Does Not Exist,Message: Cannot
21117092,Does Not Exist,Message: Cannot
21117091,Does Not Exist,Message: Cannot
21117093,Does Not Exist,Message: Cannot
21117096,Does Not Exist,Message: Cannot
21117094,Does Not Exist,Message: Cannot
21117095,Does Not Exist,Message: Cannot
21117097,Does Not Exist,Message: Cannot
21117098,Does Not Exist,Message: Cannot
21117099,Does Not Exist,Message: Cannot
21117100,Does Not Exist,Message: Cannot
21117102,Does Not Exist,Message: Cannot
21117101,Does Not Exist,Message: Cannot
21117104,Does Not Exist,Message: Cannot
21117105,Does Not Exist,Message: Cannot
21117106,Does Not Exist,Message: Cannot
21117107,Does Not Exist,Message: Cannot
21117103,Does Not Exist,Message: Cannot
21117108,Does Not Exist,Message: Cannot
21117109,Does Not Exist,Message: Cannot
21117110,Does Not Exist,Message: Cannot
21117112,Does Not Exist,Message: Cannot
21117111,Does Not Exist,Message: Cannot
21117113,Does Not Exist,Message: Cannot
21117115,Does Not Exist,Alert Text: Non
21117114,Does Not Exist,Alert Text: Non
21117117,Does Not Exist,Alert Text: Non
21117116,Does Not Exist,Alert Text: Non
21117120,Does Not Exist,Alert Text: Non
21117118,Does Not Exist,Alert Text: Non
21117119,Does Not Exist,Alert Text: Non
21117121,Does Not Exist,Alert Text: Non
21117122,Does Not Exist,Alert Text: Non
21117124,Does Not Exist,Alert Text: Non
21117123,Does Not Exist,Alert Text: Non
21117125,Does Not Exist,Alert Text: Non
21117127,Does Not Exist,Message: Failed
21117126,Does Not Exist,Alert Text: Non
21117902,Does Not Exist,Message: Cannot
21117128,Does Not Exist,Alert Text: Non
21117903,Does Not Exist,Message: Cannot
21117129,Does Not Exist,Alert Text: Non
21117901,Does Not Exist,Message: Cannot
21117904,Does Not Exist,Message: Cannot
21117905,Does Not Exist,Message: Cannot
21117908,Does Not Exist,Alert Text: Non
21117906,Does Not Exist,Alert Text: Non
21117907,Does Not Exist,Alert Text: Non
21117910,Does Not Exist,Alert Text: Non
21117909,Does Not Exist,Alert Text: Non
21117911,Does Not Exist,Alert Text: Non
21117912,Does Not Exist,Alert Text: Non
21117914,Does Not Exist,Alert Text: Non
21117913,Does Not Exist,Alert Text: Non
21117915,Does Not Exist,Alert Text: Non
21117916,Does Not Exist,Alert Text: Non
21117917,Does Not Exist,Alert Text: Non
21117918,Does Not Exist,Alert Text: Non
21117919,Does Not Exist,Alert Text: Non
